{
	"credit": "Made with Blockbench",
	"texture_size": [32, 32],
	"textures": {
		"0": "item/blockbench/emerald_hammer",
		"particle": "item/blockbench/emerald_hammer"
	},
	"elements": [
		{
			"from": [8, 0, 7.75],
			"to": [9.5, 1.5, 9.25],
			"rotation": {"angle": 0, "axis": "z", "origin": [8.75, 0.75, 8.5]},
			"faces": {
				"north": {"uv": [0, 1.5, 1.5, 0], "rotation": 270, "texture": "#0"},
				"east": {"uv": [0, 1.5, 1.5, 0], "rotation": 270, "texture": "#0"},
				"south": {"uv": [0, 1.5, 1.5, 0], "rotation": 270, "texture": "#0"},
				"west": {"uv": [0, 1.5, 1.5, 0], "rotation": 270, "texture": "#0"},
				"up": {"uv": [0, 1.5, 1.5, 0], "rotation": 270, "texture": "#0"},
				"down": {"uv": [0, 1.5, 1.5, 0], "rotation": 270, "texture": "#0"}
			}
		},
		{
			"from": [8.25, 1.5, 8],
			"to": [9.25, 8, 9],
			"rotation": {"angle": 0, "axis": "z", "origin": [3.25, 0.75, 8.5]},
			"faces": {
				"north": {"uv": [8, 5, 1.5, 6], "rotation": 270, "texture": "#0"},
				"east": {"uv": [1.5, 5, 8, 6], "rotation": 270, "texture": "#0"},
				"south": {"uv": [8, 5, 1.5, 6], "rotation": 270, "texture": "#0"},
				"west": {"uv": [8, 6, 1.5, 5], "rotation": 270, "texture": "#0"},
				"up": {"uv": [8, 5, 1.5, 6], "rotation": 270, "texture": "#0"},
				"down": {"uv": [8, 5, 1.5, 6], "rotation": 270, "texture": "#0"}
			}
		},
		{
			"from": [8.25, 9.25, 8],
			"to": [9.25, 10.75, 9],
			"rotation": {"angle": 0, "axis": "y", "origin": [3.25, 0.75, 8.5]},
			"faces": {
				"north": {"uv": [8.5, 8, 5, 9], "rotation": 270, "texture": "#0"},
				"east": {"uv": [8.5, 8, 5, 9], "rotation": 270, "texture": "#0"},
				"south": {"uv": [8.5, 8, 5, 9], "rotation": 270, "texture": "#0"},
				"west": {"uv": [8.5, 8, 5, 9], "rotation": 270, "texture": "#0"},
				"up": {"uv": [8.5, 8, 5, 9], "rotation": 270, "texture": "#0"},
				"down": {"uv": [8.5, 8, 5, 9], "rotation": 270, "texture": "#0"}
			}
		},
		{
			"from": [8.5, 9, 9],
			"to": [9, 11, 9.5],
			"rotation": {"angle": 45, "axis": "x", "origin": [8.75, 10, 9.75]},
			"faces": {
				"north": {"uv": [16, 0, 9.5, 1.5], "rotation": 270, "texture": "#0"},
				"east": {"uv": [16, 0, 9.5, 1.5], "rotation": 270, "texture": "#0"},
				"south": {"uv": [16, 0, 9.5, 1.5], "rotation": 270, "texture": "#0"},
				"west": {"uv": [16, 0, 9.5, 1.5], "rotation": 270, "texture": "#0"},
				"up": {"uv": [16, 0, 9.5, 1.5], "rotation": 270, "texture": "#0"},
				"down": {"uv": [16, 0, 9.5, 1.5], "rotation": 270, "texture": "#0"}
			}
		},
		{
			"from": [8.5, 10.75, 8.23],
			"to": [9, 12.75, 8.73],
			"rotation": {"angle": -45, "axis": "x", "origin": [8.75, 10, 9.75]},
			"faces": {
				"north": {"uv": [16, 0, 9.5, 1.5], "rotation": 270, "texture": "#0"},
				"east": {"uv": [16, 0, 9.5, 1.5], "rotation": 270, "texture": "#0"},
				"south": {"uv": [16, 0, 9.5, 1.5], "rotation": 270, "texture": "#0"},
				"west": {"uv": [16, 0, 9.5, 1.5], "rotation": 270, "texture": "#0"},
				"up": {"uv": [16, 0, 9.5, 1.5], "rotation": 270, "texture": "#0"},
				"down": {"uv": [16, 0, 9.5, 1.5], "rotation": 270, "texture": "#0"}
			}
		},
		{
			"from": [7.25, 10.75, 4.5],
			"to": [10.25, 13.5, 12.5],
			"rotation": {"angle": 0, "axis": "y", "origin": [3.25, 0.75, 8.5]},
			"faces": {
				"north": {"uv": [13.5, 16, 16, 8], "rotation": 180, "texture": "#0"},
				"east": {"uv": [13.5, 16, 16, 8], "rotation": 180, "texture": "#0"},
				"south": {"uv": [13.5, 16, 16, 8], "rotation": 180, "texture": "#0"},
				"west": {"uv": [13.5, 16, 16, 8], "rotation": 180, "texture": "#0"},
				"up": {"uv": [13.5, 16, 16, 8], "rotation": 180, "texture": "#0"},
				"down": {"uv": [13.5, 16, 16, 8], "rotation": 180, "texture": "#0"}
			}
		},
		{
			"from": [7.25, 11, 4.25],
			"to": [10.25, 13.25, 12.75],
			"rotation": {"angle": 0, "axis": "y", "origin": [3.25, 0.75, 8.5]},
			"faces": {
				"north": {"uv": [14, 13.5, 15.5, 9], "rotation": 270, "texture": "#0"},
				"east": {"uv": [16, 11, 14.5, 15.5], "rotation": 270, "texture": "#0"},
				"south": {"uv": [16, 15.5, 14.5, 11], "rotation": 270, "texture": "#0"},
				"west": {"uv": [16, 11, 14.5, 15.5], "rotation": 270, "texture": "#0"},
				"up": {"uv": [16, 11, 14.5, 15.5], "rotation": 270, "texture": "#0"},
				"down": {"uv": [16, 11, 14.5, 15.5], "rotation": 270, "texture": "#0"}
			}
		},
		{
			"from": [7, 11, 4.5],
			"to": [10.5, 13.25, 12.5],
			"rotation": {"angle": 0, "axis": "y", "origin": [3.25, 0.75, 8.5]},
			"faces": {
				"north": {"uv": [16, 8, 13.5, 16], "rotation": 270, "texture": "#0"},
				"east": {"uv": [16, 16, 13.5, 8], "rotation": 270, "texture": "#0"},
				"south": {"uv": [16, 8, 13.5, 16], "rotation": 270, "texture": "#0"},
				"west": {"uv": [16, 8, 13.5, 16], "rotation": 270, "texture": "#0"},
				"up": {"uv": [16, 8, 13.5, 16], "rotation": 270, "texture": "#0"},
				"down": {"uv": [16, 8, 13.5, 16], "rotation": 270, "texture": "#0"}
			}
		},
		{
			"from": [7.5, 11.25, 4],
			"to": [10, 13, 13],
			"rotation": {"angle": 0, "axis": "y", "origin": [3.25, 0.75, 8.5]},
			"faces": {
				"north": {"uv": [16, 12, 14.5, 14.5], "rotation": 90, "texture": "#0"},
				"east": {"uv": [16, 12, 14.5, 14.5], "rotation": 90, "texture": "#0"},
				"south": {"uv": [14.5, 12, 16, 14.5], "rotation": 90, "texture": "#0"},
				"west": {"uv": [16, 12, 14.5, 14.5], "rotation": 90, "texture": "#0"},
				"up": {"uv": [16, 12, 14.5, 14.5], "rotation": 90, "texture": "#0"},
				"down": {"uv": [16, 12, 14.5, 14.5], "rotation": 90, "texture": "#0"}
			}
		},
		{
			"from": [8.2, 6.75, 5.5],
			"to": [9.3, 8.75, 7.5],
			"rotation": {"angle": 45, "axis": "x", "origin": [8.75, 5.75, 8.5]},
			"faces": {
				"north": {"uv": [1, 8.5, 2, 10.5], "texture": "#0"},
				"east": {"uv": [0, 8.5, 2, 10.5], "texture": "#0"},
				"south": {"uv": [1, 8.5, 2, 10.5], "texture": "#0"},
				"west": {"uv": [0, 8.5, 2, 10.5], "texture": "#0"},
				"up": {"uv": [1, 8.5, 2, 10.5], "texture": "#0"},
				"down": {"uv": [1, 8.5, 2, 10.5], "texture": "#0"}
			}
		},
		{
			"from": [8, 7.35, 6.10858],
			"to": [9.5, 8.35, 7.10858],
			"rotation": {"angle": 45, "axis": "x", "origin": [8.75, 5.95, 8.45858]},
			"faces": {
				"north": {"uv": [0, 15, 1, 16], "rotation": 180, "texture": "#0"},
				"east": {"uv": [1, 15, 0, 16], "rotation": 180, "texture": "#0"},
				"south": {"uv": [0, 15, 1, 16], "rotation": 180, "texture": "#0"},
				"west": {"uv": [0, 15, 1, 16], "rotation": 180, "texture": "#0"},
				"up": {"uv": [0, 15, 1, 16], "rotation": 180, "texture": "#0"},
				"down": {"uv": [0, 15, 1, 16], "rotation": 180, "texture": "#0"}
			}
		}
	],
	"display": {
		"thirdperson_righthand": {
			"translation": [-1, 5.5, 0.5],
			"scale": [1.5, 1.5, 1.5]
		},
		"thirdperson_lefthand": {
			"translation": [1.25, 5.5, 0.5],
			"scale": [1.5, 1.5, 1.5]
		},
		"firstperson_righthand": {
			"rotation": [0, 11, 0],
			"translation": [-2.25, 3.5, -0.75]
		},
		"firstperson_lefthand": {
			"rotation": [0, 11, 0],
			"translation": [-2.25, 3.5, 0]
		},
		"ground": {
			"translation": [0, 7, 0]
		},
		"gui": {
			"rotation": [90, 45, -90],
			"translation": [-0.75, 0, 0]
		},
		"head": {
			"translation": [0, 10.25, 0]
		},
		"fixed": {
			"rotation": [-90, 45, 90],
			"translation": [-0.75, -0.5, 1.75],
			"scale": [1.2, 1.2, 1.2]
		}
	},
	"groups": [
		{
			"name": "epee1",
			"origin": [8, 8, 8],
			"color": 0,
			"children": [0, 1, 2, 3, 4, 5, 6, 7, 8, 9, 10]
		}
	]
}