{
	"credit": "Made with Blockbench",
	"textures": {
		"1": "item/blockbench/cle",
		"particle": "item/blockbench/cle"
	},
	"elements": [
		{
			"from": [5, 0.2, 7.3],
			"to": [5.7, 0.8, 7.9],
			"rotation": {"angle": 0, "axis": "y", "origin": [12.1, 0.5, 7]},
			"faces": {
				"north": {"uv": [2, 8, 3, 9], "texture": "#1"},
				"east": {"uv": [8, 2, 9, 3], "texture": "#1"},
				"south": {"uv": [3, 8, 4, 9], "texture": "#1"},
				"west": {"uv": [8, 3, 9, 4], "texture": "#1"},
				"up": {"uv": [9, 5, 8, 4], "texture": "#1"},
				"down": {"uv": [6, 8, 5, 9], "texture": "#1"}
			}
		},
		{
			"from": [11, 0, 5],
			"to": [13, 1, 6],
			"rotation": {"angle": 0, "axis": "y", "origin": [12.1, 0.5, 7]},
			"faces": {
				"north": {"uv": [0, 4, 2, 5], "texture": "#1"},
				"east": {"uv": [8, 5, 9, 6], "texture": "#1"},
				"south": {"uv": [2, 4, 4, 5], "texture": "#1"},
				"west": {"uv": [6, 8, 7, 9], "texture": "#1"},
				"up": {"uv": [6, 5, 4, 4], "texture": "#1"},
				"down": {"uv": [2, 5, 0, 6], "texture": "#1"}
			}
		},
		{
			"from": [10, 0, 6],
			"to": [11, 1, 8],
			"rotation": {"angle": 0, "axis": "y", "origin": [12.1, 0.5, 7]},
			"faces": {
				"north": {"uv": [8, 6, 9, 7], "texture": "#1"},
				"east": {"uv": [2, 5, 4, 6], "texture": "#1"},
				"south": {"uv": [7, 8, 8, 9], "texture": "#1"},
				"west": {"uv": [4, 5, 6, 6], "texture": "#1"},
				"up": {"uv": [1, 8, 0, 6], "texture": "#1"},
				"down": {"uv": [7, 0, 6, 2], "texture": "#1"}
			}
		},
		{
			"from": [13, 0, 6],
			"to": [14, 1, 8],
			"rotation": {"angle": 0, "axis": "y", "origin": [12.1, 0.5, 7]},
			"faces": {
				"north": {"uv": [8, 8, 9, 9], "texture": "#1"},
				"east": {"uv": [1, 6, 3, 7], "texture": "#1"},
				"south": {"uv": [9, 0, 10, 1], "texture": "#1"},
				"west": {"uv": [6, 2, 8, 3], "texture": "#1"},
				"up": {"uv": [4, 8, 3, 6], "texture": "#1"},
				"down": {"uv": [7, 3, 6, 5], "texture": "#1"}
			}
		},
		{
			"from": [11, 0, 8],
			"to": [13, 1, 9],
			"rotation": {"angle": 0, "axis": "y", "origin": [12.1, 0.5, 7]},
			"faces": {
				"north": {"uv": [4, 6, 6, 7], "texture": "#1"},
				"east": {"uv": [9, 1, 10, 2], "texture": "#1"},
				"south": {"uv": [6, 5, 8, 6], "texture": "#1"},
				"west": {"uv": [2, 9, 3, 10], "texture": "#1"},
				"up": {"uv": [8, 7, 6, 6], "texture": "#1"},
				"down": {"uv": [9, 0, 7, 1], "texture": "#1"}
			}
		},
		{
			"from": [9.9, -0.1, 4.9],
			"to": [11, 1.1, 6],
			"rotation": {"angle": 0, "axis": "y", "origin": [12.1, 0.5, 7]},
			"faces": {
				"north": {"uv": [9, 2, 10, 3], "texture": "#1"},
				"east": {"uv": [3, 9, 4, 10], "texture": "#1"},
				"south": {"uv": [9, 3, 10, 4], "texture": "#1"},
				"west": {"uv": [4, 9, 5, 10], "texture": "#1"},
				"up": {"uv": [10, 5, 9, 4], "texture": "#1"},
				"down": {"uv": [6, 9, 5, 10], "texture": "#1"}
			}
		},
		{
			"from": [13, -0.1, 4.9],
			"to": [14.1, 1.1, 6],
			"rotation": {"angle": 0, "axis": "y", "origin": [12.1, 0.5, 7]},
			"faces": {
				"north": {"uv": [9, 5, 10, 6], "texture": "#1"},
				"east": {"uv": [6, 9, 7, 10], "texture": "#1"},
				"south": {"uv": [9, 6, 10, 7], "texture": "#1"},
				"west": {"uv": [7, 9, 8, 10], "texture": "#1"},
				"up": {"uv": [10, 8, 9, 7], "texture": "#1"},
				"down": {"uv": [9, 9, 8, 10], "texture": "#1"}
			}
		},
		{
			"from": [13, -0.1, 8],
			"to": [14.1, 1.1, 9.1],
			"rotation": {"angle": 0, "axis": "y", "origin": [12.1, 0.5, 7]},
			"faces": {
				"north": {"uv": [9, 8, 10, 9], "texture": "#1"},
				"east": {"uv": [9, 9, 10, 10], "texture": "#1"},
				"south": {"uv": [0, 10, 1, 11], "texture": "#1"},
				"west": {"uv": [10, 0, 11, 1], "texture": "#1"},
				"up": {"uv": [2, 11, 1, 10], "texture": "#1"},
				"down": {"uv": [11, 1, 10, 2], "texture": "#1"}
			}
		},
		{
			"from": [9.9, -0.1, 8],
			"to": [11, 1.1, 9.1],
			"rotation": {"angle": 0, "axis": "y", "origin": [12.1, 0.5, 7]},
			"faces": {
				"north": {"uv": [2, 10, 3, 11], "texture": "#1"},
				"east": {"uv": [10, 2, 11, 3], "texture": "#1"},
				"south": {"uv": [3, 10, 4, 11], "texture": "#1"},
				"west": {"uv": [10, 3, 11, 4], "texture": "#1"},
				"up": {"uv": [5, 11, 4, 10], "texture": "#1"},
				"down": {"uv": [11, 4, 10, 5], "texture": "#1"}
			}
		},
		{
			"from": [4.3, 0.2, 6.7],
			"to": [10, 0.8, 7.3],
			"rotation": {"angle": 0, "axis": "y", "origin": [12.1, 0.5, 7]},
			"faces": {
				"north": {"uv": [0, 0, 6, 1], "texture": "#1"},
				"east": {"uv": [5, 10, 6, 11], "texture": "#1"},
				"south": {"uv": [0, 1, 6, 2], "texture": "#1"},
				"west": {"uv": [10, 5, 11, 6], "texture": "#1"},
				"up": {"uv": [6, 3, 0, 2], "texture": "#1"},
				"down": {"uv": [6, 3, 0, 4], "texture": "#1"}
			}
		},
		{
			"from": [4.3, 0.2, 7.3],
			"to": [5, 0.8, 8.9],
			"rotation": {"angle": 0, "axis": "y", "origin": [12.1, 0.5, 7]},
			"faces": {
				"north": {"uv": [6, 10, 7, 11], "texture": "#1"},
				"east": {"uv": [1, 7, 3, 8], "texture": "#1"},
				"south": {"uv": [10, 6, 11, 7], "texture": "#1"},
				"west": {"uv": [7, 1, 9, 2], "texture": "#1"},
				"up": {"uv": [8, 5, 7, 3], "texture": "#1"},
				"down": {"uv": [5, 7, 4, 9], "texture": "#1"}
			}
		},
		{
			"from": [5.5, 0.2, 7.3],
			"to": [6.2, 0.8, 8.9],
			"rotation": {"angle": 0, "axis": "y", "origin": [12.1, 0.5, 7]},
			"faces": {
				"north": {"uv": [7, 10, 8, 11], "texture": "#1"},
				"east": {"uv": [5, 7, 7, 8], "texture": "#1"},
				"south": {"uv": [10, 7, 11, 8], "texture": "#1"},
				"west": {"uv": [7, 7, 9, 8], "texture": "#1"},
				"up": {"uv": [1, 10, 0, 8], "texture": "#1"},
				"down": {"uv": [2, 8, 1, 10], "texture": "#1"}
			}
		}
	],
	"display": {
		"thirdperson_righthand": {
			"rotation": [157.56, 0, 90.37],
			"translation": [-7.5, 3.25, -2]
		},
		"thirdperson_lefthand": {
			"rotation": [157.56, 0, -90.37],
			"translation": [7.5, 3.25, -2]
		},
		"firstperson_righthand": {
			"rotation": [104.15, 3.76, 93.23],
			"translation": [-3, 0, -4]
		},
		"firstperson_lefthand": {
			"rotation": [104.15, 3.76, -93.23],
			"translation": [10, 1.5, -3]
		},
		"ground": {
			"translation": [-1.75, 4.25, 0.5]
		},
		"gui": {
			"rotation": [180, 90, 90],
			"translation": [1.5, 1.75, 0],
			"scale": [1.5, 1.5, 1.5]
		},
		"head": {
			"rotation": [0, 90, -90],
			"translation": [0.75, 12, -7.5]
		},
		"fixed": {
			"rotation": [90, -90, 0],
			"translation": [-1.5, 1.75, 12],
			"scale": [1.5, 1.5, 1.5]
		}
	},
	"groups": [
		{
			"name": "cle",
			"origin": [8, 8, 8],
			"color": 0,
			"children": [0, 1, 2, 3, 4, 5, 6, 7, 8, 9, 10, 11]
		}
	]
}