{
	"credit": "Made with Blockbench",
	"texture_size": [256, 256],
	"textures": {
		"0": "item/blockbench/iron_hoe",
		"particle": "item/blockbench/iron_hoe"
	},
	"elements": [
		{
			"from": [3, 0, 6],
			"to": [13, 1, 8],
			"rotation": {"angle": 0, "axis": "y", "origin": [7.75, 0.5, 7]},
			"color": 0,
			"faces": {
				"north": {"uv": [0, 0, 0.625, 0.0625], "texture": "#missing"},
				"east": {"uv": [0, 0, 0.125, 0.0625], "texture": "#missing"},
				"south": {"uv": [0, 0, 0.625, 0.0625], "texture": "#missing"},
				"west": {"uv": [0, 0, 0.125, 0.0625], "texture": "#missing"},
				"up": {"uv": [0, 0, 0.625, 0.125], "texture": "#missing"},
				"down": {"uv": [0, 0, 0.625, 0.125], "texture": "#missing"}
			}
		},
		{
			"from": [3, 0, 6],
			"to": [13, 1, 8],
			"rotation": {"angle": 0, "axis": "y", "origin": [7.75, 0.5, 7]},
			"faces": {
				"north": {"uv": [0.125, 0.25, 0.75, 0.3125], "texture": "#0"},
				"east": {"uv": [0, 0.25, 0.125, 0.3125], "texture": "#0"},
				"south": {"uv": [0.875, 0.25, 1.5, 0.3125], "texture": "#0"},
				"west": {"uv": [0.75, 0.25, 0.875, 0.3125], "texture": "#0"},
				"up": {"uv": [0.75, 0.25, 0.125, 0.125], "texture": "#0"},
				"down": {"uv": [1.375, 0.125, 0.75, 0.25], "texture": "#0"}
			}
		},
		{
			"name": "octagon",
			"from": [11.84099, -0.25, 9.62652],
			"to": [13.91206, 1.25, 10.92652],
			"rotation": {"angle": 45, "axis": "y", "origin": [7.75, 0.5, 7]},
			"faces": {
				"north": {"uv": [0.0625, 0.125, 0.1875, 0.1875], "texture": "#0"},
				"east": {"uv": [0, 0.125, 0.0625, 0.1875], "texture": "#0"},
				"south": {"uv": [0.25, 0.125, 0.375, 0.1875], "texture": "#0"},
				"west": {"uv": [0.1875, 0.125, 0.25, 0.1875], "texture": "#0"},
				"up": {"uv": [0.1875, 0.125, 0.0625, 0.0625], "texture": "#0"},
				"down": {"uv": [0.3125, 0.0625, 0.1875, 0.125], "texture": "#0"}
			}
		},
		{
			"name": "octagon",
			"from": [13.96447, -0.25, 4.5],
			"to": [16.03553, 1.25, 5.8],
			"rotation": {"angle": 0, "axis": "y", "origin": [7.75, 0.5, 7]},
			"faces": {
				"north": {"uv": [0, 0, 0.0625, 0.0625], "texture": "#0"},
				"east": {"uv": [0, 0, 0.0625, 0.0625], "texture": "#0"},
				"south": {"uv": [0, 0, 0.0625, 0.0625], "texture": "#0"},
				"west": {"uv": [0, 0, 0.0625, 0.0625], "texture": "#0"},
				"up": {"uv": [0, 0, 0.0625, 0.0625], "texture": "#0"},
				"down": {"uv": [0, 0, 0.0625, 0.0625], "texture": "#0"}
			}
		},
		{
			"name": "octagon",
			"from": [13.96447, -0.25, 8.2],
			"to": [16.03553, 1.25, 9.5],
			"rotation": {"angle": 0, "axis": "y", "origin": [7.75, 0.5, 7]},
			"faces": {
				"north": {"uv": [0, 0, 0.0625, 0.0625], "texture": "#0"},
				"east": {"uv": [0, 0, 0.0625, 0.0625], "texture": "#0"},
				"south": {"uv": [0, 0, 0.0625, 0.0625], "texture": "#0"},
				"west": {"uv": [0, 0, 0.0625, 0.0625], "texture": "#0"},
				"up": {"uv": [0, 0, 0.0625, 0.0625], "texture": "#0"},
				"down": {"uv": [0, 0, 0.0625, 0.0625], "texture": "#0"}
			}
		},
		{
			"name": "octagon",
			"from": [10.37652, -0.25, 11.09099],
			"to": [11.67652, 1.25, 13.16206],
			"rotation": {"angle": 45, "axis": "y", "origin": [7.75, 0.5, 7]},
			"faces": {
				"north": {"uv": [0, 0, 0.0625, 0.0625], "texture": "#0"},
				"east": {"uv": [0, 0, 0.0625, 0.0625], "texture": "#0"},
				"south": {"uv": [0, 0, 0.0625, 0.0625], "texture": "#0"},
				"west": {"uv": [0, 0, 0.0625, 0.0625], "texture": "#0"},
				"up": {"uv": [0, 0, 0.0625, 0.0625], "texture": "#0"},
				"down": {"uv": [0, 0, 0.0625, 0.0625], "texture": "#0"}
			}
		},
		{
			"name": "octagon",
			"from": [12.5, -0.25, 5.96447],
			"to": [13.8, 1.25, 8.03553],
			"rotation": {"angle": 0, "axis": "y", "origin": [7.75, 0.5, 7]},
			"faces": {
				"north": {"uv": [0, 0, 0.0625, 0.0625], "texture": "#0"},
				"east": {"uv": [0, 0, 0.0625, 0.0625], "texture": "#0"},
				"south": {"uv": [0, 0, 0.0625, 0.0625], "texture": "#0"},
				"west": {"uv": [0, 0, 0.0625, 0.0625], "texture": "#0"},
				"up": {"uv": [0, 0, 0.0625, 0.0625], "texture": "#0"},
				"down": {"uv": [0, 0, 0.0625, 0.0625], "texture": "#0"}
			}
		},
		{
			"name": "hexadecagon",
			"from": [3.28631, -0.25, 9.06586],
			"to": [4.08196, 1.25, 10.06586],
			"rotation": {"angle": -45, "axis": "y", "origin": [7.75, 0.5, 7]},
			"faces": {
				"north": {"uv": [0, 0, 0.0625, 0.0625], "texture": "#0"},
				"east": {"uv": [0, 0, 0.0625, 0.0625], "texture": "#0"},
				"south": {"uv": [0, 0, 0.0625, 0.0625], "texture": "#0"},
				"west": {"uv": [0, 0, 0.0625, 0.0625], "texture": "#0"},
				"up": {"uv": [0, 0, 0.0625, 0.0625], "texture": "#0"},
				"down": {"uv": [0, 0, 0.0625, 0.0625], "texture": "#0"}
			}
		},
		{
			"name": "hexadecagon",
			"from": [3.28631, -0.25, 12.06586],
			"to": [4.08196, 1.25, 13.06586],
			"rotation": {"angle": -45, "axis": "y", "origin": [7.75, 0.5, 7]},
			"faces": {
				"north": {"uv": [0, 0, 0.0625, 0.0625], "texture": "#0"},
				"east": {"uv": [0, 0, 0.0625, 0.0625], "texture": "#0"},
				"south": {"uv": [0, 0, 0.0625, 0.0625], "texture": "#0"},
				"west": {"uv": [0, 0, 0.0625, 0.0625], "texture": "#0"},
				"up": {"uv": [0, 0, 0.0625, 0.0625], "texture": "#0"},
				"down": {"uv": [0, 0, 0.0625, 0.0625], "texture": "#0"}
			}
		},
		{
			"name": "hexadecagon",
			"from": [2.03987, -0.25, 7.20043],
			"to": [2.83552, 1.25, 8.20043],
			"rotation": {"angle": -22.5, "axis": "y", "origin": [7.75, 0.5, 7]},
			"faces": {
				"north": {"uv": [0, 0, 0.0625, 0.0625], "texture": "#0"},
				"east": {"uv": [0, 0, 0.0625, 0.0625], "texture": "#0"},
				"south": {"uv": [0, 0, 0.0625, 0.0625], "texture": "#0"},
				"west": {"uv": [0, 0, 0.0625, 0.0625], "texture": "#0"},
				"up": {"uv": [0, 0, 0.0625, 0.0625], "texture": "#0"},
				"down": {"uv": [0, 0, 0.0625, 0.0625], "texture": "#0"}
			}
		},
		{
			"name": "hexadecagon",
			"from": [2.03987, -0.25, 10.20043],
			"to": [2.83552, 1.25, 11.20043],
			"rotation": {"angle": -22.5, "axis": "y", "origin": [7.75, 0.5, 7]},
			"faces": {
				"north": {"uv": [0, 0, 0.0625, 0.0625], "texture": "#0"},
				"east": {"uv": [0, 0, 0.0625, 0.0625], "texture": "#0"},
				"south": {"uv": [0, 0, 0.0625, 0.0625], "texture": "#0"},
				"west": {"uv": [0, 0, 0.0625, 0.0625], "texture": "#0"},
				"up": {"uv": [0, 0, 0.0625, 0.0625], "texture": "#0"},
				"down": {"uv": [0, 0, 0.0625, 0.0625], "texture": "#0"}
			}
		},
		{
			"name": "hexadecagon",
			"from": [1.60218, -0.25, 5],
			"to": [2.39782, 1.25, 6],
			"rotation": {"angle": 0, "axis": "y", "origin": [7.75, 0.5, 7]},
			"faces": {
				"north": {"uv": [0, 0, 0.0625, 0.0625], "texture": "#0"},
				"east": {"uv": [0, 0, 0.0625, 0.0625], "texture": "#0"},
				"south": {"uv": [0, 0, 0.0625, 0.0625], "texture": "#0"},
				"west": {"uv": [0, 0, 0.0625, 0.0625], "texture": "#0"},
				"up": {"uv": [0, 0, 0.0625, 0.0625], "texture": "#0"},
				"down": {"uv": [0, 0, 0.0625, 0.0625], "texture": "#0"}
			}
		},
		{
			"name": "hexadecagon",
			"from": [1.60218, -0.25, 8],
			"to": [2.39782, 1.25, 9],
			"rotation": {"angle": 0, "axis": "y", "origin": [7.75, 0.5, 7]},
			"faces": {
				"north": {"uv": [0, 0, 0.0625, 0.0625], "texture": "#0"},
				"east": {"uv": [0, 0, 0.0625, 0.0625], "texture": "#0"},
				"south": {"uv": [0, 0, 0.0625, 0.0625], "texture": "#0"},
				"west": {"uv": [0, 0, 0.0625, 0.0625], "texture": "#0"},
				"up": {"uv": [0, 0, 0.0625, 0.0625], "texture": "#0"},
				"down": {"uv": [0, 0, 0.0625, 0.0625], "texture": "#0"}
			}
		},
		{
			"name": "hexadecagon",
			"from": [2.03987, -0.25, 5.79957],
			"to": [2.83552, 1.25, 6.79957],
			"rotation": {"angle": 22.5, "axis": "y", "origin": [7.75, 0.5, 7]},
			"faces": {
				"north": {"uv": [0, 0, 0.0625, 0.0625], "texture": "#0"},
				"east": {"uv": [0, 0, 0.0625, 0.0625], "texture": "#0"},
				"south": {"uv": [0, 0, 0.0625, 0.0625], "texture": "#0"},
				"west": {"uv": [0, 0, 0.0625, 0.0625], "texture": "#0"},
				"up": {"uv": [0, 0, 0.0625, 0.0625], "texture": "#0"},
				"down": {"uv": [0, 0, 0.0625, 0.0625], "texture": "#0"}
			}
		},
		{
			"name": "hexadecagon",
			"from": [2.03987, -0.25, 2.79957],
			"to": [2.83552, 1.25, 3.79957],
			"rotation": {"angle": 22.5, "axis": "y", "origin": [7.75, 0.5, 7]},
			"faces": {
				"north": {"uv": [0, 0, 0.0625, 0.0625], "texture": "#0"},
				"east": {"uv": [0, 0, 0.0625, 0.0625], "texture": "#0"},
				"south": {"uv": [0, 0, 0.0625, 0.0625], "texture": "#0"},
				"west": {"uv": [0, 0, 0.0625, 0.0625], "texture": "#0"},
				"up": {"uv": [0, 0, 0.0625, 0.0625], "texture": "#0"},
				"down": {"uv": [0, 0, 0.0625, 0.0625], "texture": "#0"}
			}
		},
		{
			"name": "hexadecagon",
			"from": [3.28631, -0.25, 3.93414],
			"to": [4.08196, 1.25, 4.93414],
			"rotation": {"angle": 45, "axis": "y", "origin": [7.75, 0.5, 7]},
			"faces": {
				"north": {"uv": [0, 0, 0.0625, 0.0625], "texture": "#0"},
				"east": {"uv": [0, 0, 0.0625, 0.0625], "texture": "#0"},
				"south": {"uv": [0, 0, 0.0625, 0.0625], "texture": "#0"},
				"west": {"uv": [0, 0, 0.0625, 0.0625], "texture": "#0"},
				"up": {"uv": [0, 0, 0.0625, 0.0625], "texture": "#0"},
				"down": {"uv": [0, 0, 0.0625, 0.0625], "texture": "#0"}
			}
		},
		{
			"name": "hexadecagon",
			"from": [3.28631, -0.25, 0.93414],
			"to": [4.08196, 1.25, 1.93414],
			"rotation": {"angle": 45, "axis": "y", "origin": [7.75, 0.5, 7]},
			"faces": {
				"north": {"uv": [0, 0, 0.0625, 0.0625], "texture": "#0"},
				"east": {"uv": [0, 0, 0.0625, 0.0625], "texture": "#0"},
				"south": {"uv": [0, 0, 0.0625, 0.0625], "texture": "#0"},
				"west": {"uv": [0, 0, 0.0625, 0.0625], "texture": "#0"},
				"up": {"uv": [0, 0, 0.0625, 0.0625], "texture": "#0"},
				"down": {"uv": [0, 0, 0.0625, 0.0625], "texture": "#0"}
			}
		},
		{
			"name": "hexadecagon",
			"from": [3.43769, -0.25, 8.80261],
			"to": [4.43769, 1.25, 9.59825],
			"rotation": {"angle": -22.5, "axis": "y", "origin": [7.75, 0.5, 7]},
			"faces": {
				"north": {"uv": [0, 0, 0.0625, 0.0625], "texture": "#0"},
				"east": {"uv": [0, 0, 0.0625, 0.0625], "texture": "#0"},
				"south": {"uv": [0, 0, 0.0625, 0.0625], "texture": "#0"},
				"west": {"uv": [0, 0, 0.0625, 0.0625], "texture": "#0"},
				"up": {"uv": [0, 0, 0.0625, 0.0625], "texture": "#0"},
				"down": {"uv": [0, 0, 0.0625, 0.0625], "texture": "#0"}
			}
		},
		{
			"name": "hexadecagon",
			"from": [0.43769, -0.25, 8.80261],
			"to": [1.43769, 1.25, 9.59825],
			"rotation": {"angle": -22.5, "axis": "y", "origin": [7.75, 0.5, 7]},
			"faces": {
				"north": {"uv": [0, 0, 0.0625, 0.0625], "texture": "#0"},
				"east": {"uv": [0, 0, 0.0625, 0.0625], "texture": "#0"},
				"south": {"uv": [0, 0, 0.0625, 0.0625], "texture": "#0"},
				"west": {"uv": [0, 0, 0.0625, 0.0625], "texture": "#0"},
				"up": {"uv": [0, 0, 0.0625, 0.0625], "texture": "#0"},
				"down": {"uv": [0, 0, 0.0625, 0.0625], "texture": "#0"}
			}
		},
		{
			"name": "hexadecagon",
			"from": [3, -0.25, 6.60218],
			"to": [4, 1.25, 7.39782],
			"rotation": {"angle": 0, "axis": "y", "origin": [7.75, 0.5, 7]},
			"faces": {
				"north": {"uv": [0, 0, 0.0625, 0.0625], "texture": "#0"},
				"east": {"uv": [0, 0, 0.0625, 0.0625], "texture": "#0"},
				"south": {"uv": [0, 0, 0.0625, 0.0625], "texture": "#0"},
				"west": {"uv": [0, 0, 0.0625, 0.0625], "texture": "#0"},
				"up": {"uv": [0, 0, 0.0625, 0.0625], "texture": "#0"},
				"down": {"uv": [0, 0, 0.0625, 0.0625], "texture": "#0"}
			}
		},
		{
			"name": "hexadecagon",
			"from": [0, -0.25, 6.60218],
			"to": [1, 1.25, 7.39782],
			"rotation": {"angle": 0, "axis": "y", "origin": [7.75, 0.5, 7]},
			"faces": {
				"north": {"uv": [0, 0, 0.0625, 0.0625], "texture": "#0"},
				"east": {"uv": [0, 0, 0.0625, 0.0625], "texture": "#0"},
				"south": {"uv": [0, 0, 0.0625, 0.0625], "texture": "#0"},
				"west": {"uv": [0, 0, 0.0625, 0.0625], "texture": "#0"},
				"up": {"uv": [0, 0, 0.0625, 0.0625], "texture": "#0"},
				"down": {"uv": [0, 0, 0.0625, 0.0625], "texture": "#0"}
			}
		},
		{
			"name": "hexadecagon",
			"from": [3.43769, -0.25, 4.40175],
			"to": [4.43769, 1.25, 5.19739],
			"rotation": {"angle": 22.5, "axis": "y", "origin": [7.75, 0.5, 7]},
			"faces": {
				"north": {"uv": [0, 0, 0.0625, 0.0625], "texture": "#0"},
				"east": {"uv": [0, 0, 0.0625, 0.0625], "texture": "#0"},
				"south": {"uv": [0, 0, 0.0625, 0.0625], "texture": "#0"},
				"west": {"uv": [0, 0, 0.0625, 0.0625], "texture": "#0"},
				"up": {"uv": [0, 0, 0.0625, 0.0625], "texture": "#0"},
				"down": {"uv": [0, 0, 0.0625, 0.0625], "texture": "#0"}
			}
		},
		{
			"name": "hexadecagon",
			"from": [0.43769, -0.25, 4.40175],
			"to": [1.43769, 1.25, 5.19739],
			"rotation": {"angle": 22.5, "axis": "y", "origin": [7.75, 0.5, 7]},
			"faces": {
				"north": {"uv": [0, 0, 0.0625, 0.0625], "texture": "#0"},
				"east": {"uv": [0, 0, 0.0625, 0.0625], "texture": "#0"},
				"south": {"uv": [0, 0, 0.0625, 0.0625], "texture": "#0"},
				"west": {"uv": [0, 0, 0.0625, 0.0625], "texture": "#0"},
				"up": {"uv": [0, 0, 0.0625, 0.0625], "texture": "#0"},
				"down": {"uv": [0, 0, 0.0625, 0.0625], "texture": "#0"}
			}
		}
	],
	"display": {
		"thirdperson_righthand": {
			"rotation": [0, 0, 90],
			"translation": [-3.75, -2, 0.25],
			"scale": [0.5, 0.5, 0.5]
		},
		"thirdperson_lefthand": {
			"rotation": [0, 0, -90],
			"translation": [3.75, -2, 0.25],
			"scale": [0.5, 0.5, 0.49]
		},
		"firstperson_righthand": {
			"rotation": [-53.75, 0, 90],
			"translation": [-5.25, 4.5, 5],
			"scale": [0.7, 0.7, 0.7]
		},
		"firstperson_lefthand": {
			"rotation": [132, 0, 89],
			"translation": [-4.75, 3.5, 3.5],
			"scale": [0.7, 0.7, 0.7]
		},
		"ground": {
			"translation": [0, 5.5, 0]
		},
		"gui": {
			"rotation": [90, 42, -1],
			"translation": [0.5, -1.25, 0]
		},
		"head": {
			"translation": [0, 14.5, 0]
		},
		"fixed": {
			"rotation": [0, -90, 90],
			"translation": [-1, 0, -7]
		}
	},
	"groups": [
		0,
		1,
		{
			"name": "octagon",
			"origin": [8, 8, 8],
			"color": 0,
			"children": [2, 3, 4, 5, 6]
		},
		{
			"name": "hexadecagon",
			"origin": [8, 8, 8],
			"color": 0,
			"children": [7, 8, 9, 10, 11, 12, 13, 14, 15, 16, 17, 18, 19, 20, 21, 22]
		}
	]
}