{
	"credit": "Made with Blockbench",
	"texture_size": [32, 32],
	"textures": {
		"0": "item/blockbench/cloudinite",
		"particle": "item/blockbench/cloudinite"
	},
	"elements": [
		{
			"from": [6, 0, 4.2],
			"to": [10, 1.5, 12],
			"faces": {
				"north": {"uv": [0.875, 9.625, 15.375, 15], "texture": "#0"},
				"east": {"uv": [0.9375, 9.4375, 15.5, 15], "texture": "#0"},
				"south": {"uv": [0.25, 9.8125, 15.6875, 15], "texture": "#0"},
				"west": {"uv": [0.625, 9.5, 15.5625, 15], "texture": "#0"},
				"up": {"uv": [10.5, 1.8125, 12.5, 3.75], "texture": "#0"},
				"down": {"uv": [0.25, 16, 8.5625, 16], "texture": "#0"}
			}
		},
		{
			"from": [6.4, 1.5, 4.2],
			"to": [9.6, 1.8, 12],
			"faces": {
				"north": {"uv": [0.6875, 2.0625, 2.2875, 2.2125], "texture": "#0"},
				"east": {"uv": [0.6875, 2.0625, 2.2875, 2.2125], "texture": "#0"},
				"south": {"uv": [0.6875, 2.0625, 2.2875, 2.2125], "texture": "#0"},
				"west": {"uv": [0.6875, 2.0625, 2.2875, 2.2125], "texture": "#0"},
				"up": {"uv": [0.6875, 2.0625, 2.2875, 2.2125], "texture": "#0"},
				"down": {"uv": [0.6875, 2.0625, 2.2875, 2.2125], "texture": "#0"}
			}
		},
		{
			"from": [6, 1.5, 4.5],
			"to": [10, 1.8, 11.7],
			"faces": {
				"north": {"uv": [0.875, 1.125, 2.1875, 4.725], "texture": "#0"},
				"east": {"uv": [0.875, 1.125, 2.1875, 4.725], "texture": "#0"},
				"south": {"uv": [0.875, 1.125, 2.1875, 4.725], "texture": "#0"},
				"west": {"uv": [0.875, 1.125, 2.1875, 4.725], "texture": "#0"},
				"up": {"uv": [0.875, 1.125, 2.1875, 4.725], "texture": "#0"},
				"down": {"uv": [0.875, 1.125, 2.1875, 4.725], "texture": "#0"}
			}
		},
		{
			"from": [6.4, 1.8, 4.5],
			"to": [9.6, 2, 11.7],
			"faces": {
				"north": {"uv": [0.1875, 1.125, 1.7875, 4.725], "texture": "#0"},
				"east": {"uv": [0.1875, 1.125, 1.7875, 4.725], "texture": "#0"},
				"south": {"uv": [0.1875, 1.125, 1.7875, 4.725], "texture": "#0"},
				"west": {"uv": [0.1875, 1.125, 1.7875, 4.725], "texture": "#0"},
				"up": {"uv": [0.1875, 1.125, 1.7875, 4.725], "texture": "#0"},
				"down": {"uv": [0.1875, 1.125, 1.7875, 4.725], "texture": "#0"}
			}
		},
		{
			"from": [6.6, 1.8, 4.7],
			"to": [9.4, 2.2, 11.5],
			"faces": {
				"north": {"uv": [1.625, 1.125, 3.025, 1.325], "texture": "#0"},
				"east": {"uv": [0.3125, 1.4375, 3.7125, 1.6375], "texture": "#0"},
				"south": {"uv": [0.6875, 1.5625, 2.0875, 1.7625], "texture": "#0"},
				"west": {"uv": [0.25, 1.125, 3.65, 1.325], "texture": "#0"},
				"up": {"uv": [12.25, 2.875, 0.25, 9.5875], "rotation": 90, "texture": "#0"},
				"down": {"uv": [0, 0, 1.4, 3.4], "texture": "#missing"}
			}
		}
	],
	"display": {
		"thirdperson_righthand": {
			"rotation": [0, 0, -90],
			"translation": [7, 0.25, -1.75]
		},
		"thirdperson_lefthand": {
			"rotation": [0, 0, -90],
			"translation": [7, 0.25, -1.75]
		},
		"firstperson_righthand": {
			"rotation": [21, 0, 90],
			"translation": [-6.25, 3.25, 1.75]
		},
		"firstperson_lefthand": {
			"rotation": [-159, 0, 90],
			"translation": [-6.25, 3.25, 1.75]
		},
		"ground": {
			"translation": [0, 5, 0]
		},
		"gui": {
			"rotation": [90, 90, 0],
			"scale": [1.5, 1.5, 1.5]
		},
		"head": {
			"translation": [0, 14.25, 0]
		},
		"fixed": {
			"rotation": [-90, -90, 0],
			"translation": [0, 0, -11],
			"scale": [1.5, 1.5, 1.5]
		}
	}
}