{
	"credit": "Made with Blockbench",
	"texture_size": [32, 32],
	"textures": {
		"0": "item/blockbench/epee1",
		"particle": "item/blockbench/epee1"
	},
	"elements": [
		{
			"from": [0, 0.25, 7.75],
			"to": [1.5, 1.25, 9.25],
			"rotation": {"angle": 0, "axis": "y", "origin": [0.75, 0.75, 8.5]},
			"faces": {
				"north": {"uv": [0, 0, 1.5, 0.5], "texture": "#0"},
				"east": {"uv": [0, 0, 1.5, 0.5], "texture": "#0"},
				"south": {"uv": [0, 0, 1.5, 0.5], "texture": "#0"},
				"west": {"uv": [0, 0, 1.5, 0.5], "texture": "#0"},
				"up": {"uv": [0, 1.5, 1.5, 0], "texture": "#0"},
				"down": {"uv": [0, 1.5, 1.5, 0], "texture": "#0"}
			}
		},
		{
			"from": [1.5, 0.25, 8],
			"to": [5, 1.25, 9],
			"rotation": {"angle": 0, "axis": "y", "origin": [3, 0.75, 8.5]},
			"faces": {
				"north": {"uv": [8, 5, 4.5, 6], "texture": "#0"},
				"east": {"uv": [8, 5, 4.5, 6], "texture": "#0"},
				"south": {"uv": [8, 5, 4.5, 6], "texture": "#0"},
				"west": {"uv": [8, 5, 4.5, 6], "texture": "#0"},
				"up": {"uv": [8, 5, 4.5, 6], "texture": "#0"},
				"down": {"uv": [8, 5, 4.5, 6], "texture": "#0"}
			}
		},
		{
			"from": [4.95, 0.2, 7.45],
			"to": [6.95, 1.3, 9.45],
			"rotation": {"angle": 45, "axis": "y", "origin": [6, 0.75, 8.5]},
			"faces": {
				"north": {"uv": [2, 8.5, 0, 10.5], "texture": "#0"},
				"east": {"uv": [0, 8.5, 2, 10.5], "texture": "#0"},
				"south": {"uv": [2, 8.5, 0, 10.5], "texture": "#0"},
				"west": {"uv": [0, 8.5, 2, 10.5], "texture": "#0"},
				"up": {"uv": [0, 8.5, 2, 10.5], "texture": "#0"},
				"down": {"uv": [0, 8.5, 2, 10.5], "texture": "#0"}
			}
		},
		{
			"from": [5.4, 0, 8.3],
			"to": [6.4, 1.5, 9.3],
			"rotation": {"angle": 45, "axis": "y", "origin": [5.5, 0.75, 8.6]},
			"faces": {
				"north": {"uv": [1, 15, 0, 16], "texture": "#0"},
				"east": {"uv": [0, 15, 1, 16], "texture": "#0"},
				"south": {"uv": [0, 15, 1, 16], "texture": "#0"},
				"west": {"uv": [1, 15, 0, 16], "texture": "#0"},
				"up": {"uv": [0, 15, 1, 16], "texture": "#0"},
				"down": {"uv": [0, 15, 1, 16], "texture": "#0"}
			}
		},
		{
			"from": [5.3, 0.4, 6.4],
			"to": [6.3, 1.1, 8.4],
			"rotation": {"angle": -22.5, "axis": "y", "origin": [7, 0.95, 8]},
			"faces": {
				"north": {"uv": [2, 15.5, 1, 15], "texture": "#0"},
				"east": {"uv": [1, 15, 2, 15.25], "texture": "#0"},
				"south": {"uv": [0, 0, 0.5, 0.35], "texture": "#missing"},
				"west": {"uv": [2, 15.65, 1, 15.65], "texture": "#0"},
				"up": {"uv": [2, 16, 1, 15], "rotation": 180, "texture": "#0"},
				"down": {"uv": [1, 15, 2, 16], "rotation": 90, "texture": "#0"}
			}
		},
		{
			"from": [4.9, 0.4, 8.5],
			"to": [5.9, 1.1, 10.5],
			"rotation": {"angle": 22.5, "axis": "y", "origin": [7, 0.95, 8]},
			"faces": {
				"north": {"uv": [1, 15, 2, 16], "rotation": 90, "texture": "#0"},
				"east": {"uv": [2, 15, 1, 15.25], "texture": "#0"},
				"south": {"uv": [1, 15.5, 2, 15], "texture": "#0"},
				"west": {"uv": [1, 16, 2, 16], "texture": "#0"},
				"up": {"uv": [2, 16, 1, 15], "rotation": 270, "texture": "#0"},
				"down": {"uv": [2, 15, 1, 16], "rotation": 90, "texture": "#0"}
			}
		},
		{
			"from": [6.25, 0.5, 7.5],
			"to": [16.25, 1, 9.5],
			"faces": {
				"north": {"uv": [6, 1, 16, 1.5], "texture": "#0"},
				"east": {"uv": [0, 0, 1, 0.25], "texture": "#missing"},
				"south": {"uv": [16, 0, 6, 0.5], "texture": "#0"},
				"west": {"uv": [0, 0, 1, 0.25], "texture": "#missing"},
				"up": {"uv": [16, 1.5, 6, 0], "texture": "#0"},
				"down": {"uv": [16, 0, 6, 1.5], "texture": "#0"}
			}
		},
		{
			"from": [16.86, 0.5, 7.14],
			"to": [17.36, 1, 9.19],
			"rotation": {"angle": 45, "axis": "y", "origin": [17.25, 0.75, 8.6625]},
			"faces": {
				"north": {"uv": [0, 0, 0.25, 0.25], "texture": "#missing"},
				"east": {"uv": [1.5, 4.5, 2.525, 4.75], "texture": "#0"},
				"south": {"uv": [1, 4.5, 2.75, 6.75], "texture": "#0"},
				"west": {"uv": [0, 0, 1.025, 0.25], "texture": "#missing"},
				"up": {"uv": [2, 4.5, 3.25, 6.525], "texture": "#0"},
				"down": {"uv": [1.5, 3.5, 1.75, 4.525], "texture": "#0"}
			}
		},
		{
			"from": [16.25, 0.5, 8.5],
			"to": [17.15, 1, 9.5],
			"faces": {
				"north": {"uv": [0, 0, 0.45, 0.25], "texture": "#missing"},
				"east": {"uv": [0, 0, 0.5, 0.25], "texture": "#missing"},
				"south": {"uv": [0.5, 1.5, 0.95, 1.75], "texture": "#0"},
				"west": {"uv": [0, 0, 0.5, 0.25], "texture": "#missing"},
				"up": {"uv": [1.5, 4, 3.95, 7], "texture": "#0"},
				"down": {"uv": [1.5, 5, 1.95, 5.5], "texture": "#0"}
			}
		},
		{
			"from": [17.035, 0.5, 8.79],
			"to": [17.535, 1, 9.29],
			"rotation": {"angle": 45, "axis": "y", "origin": [17.35, 0.75, 9.25]},
			"faces": {
				"north": {"uv": [0, 0, 0.25, 0.25], "texture": "#missing"},
				"east": {"uv": [0, 0, 0.25, 0.25], "texture": "#missing"},
				"south": {"uv": [1, 4, 1.75, 5.25], "texture": "#0"},
				"west": {"uv": [0, 0, 0.25, 0.25], "texture": "#missing"},
				"up": {"uv": [0, 3, 3.75, 5.75], "texture": "#0"},
				"down": {"uv": [2, 4.5, 2.25, 4.75], "texture": "#0"}
			}
		},
		{
			"from": [16.25, 0.5, 8.2],
			"to": [16.75, 1, 8.7],
			"faces": {
				"north": {"uv": [0, 0, 0.25, 0.25], "texture": "#missing"},
				"east": {"uv": [0, 0, 0.25, 0.25], "texture": "#missing"},
				"south": {"uv": [0, 0, 0.25, 0.25], "texture": "#missing"},
				"west": {"uv": [0, 0, 0.25, 0.25], "texture": "#missing"},
				"up": {"uv": [0.5, 4, 2.25, 5.75], "texture": "#0"},
				"down": {"uv": [1, 3.5, 1.25, 3.75], "texture": "#0"}
			}
		}
	],
	"display": {
		"thirdperson_righthand": {
			"rotation": [0, 0, 90],
			"translation": [-10.75, 5.5, 0.5],
			"scale": [1.5, 1.5, 1.5]
		},
		"thirdperson_lefthand": {
			"rotation": [180, 180, 90],
			"translation": [10.75, 5.5, 0.5],
			"scale": [1.5, 1.5, 1.5]
		},
		"firstperson_righthand": {
			"rotation": [-23, 0, 90],
			"translation": [-7.75, 3.5, -1.25],
			"scale": [1.3, 1.3, 1.3]
		},
		"firstperson_lefthand": {
			"rotation": [-23, 0, -90],
			"translation": [7.75, 3.5, -1.25],
			"scale": [1.3, 1.3, 1.3]
		},
		"ground": {
			"translation": [0, 9, 0]
		},
		"gui": {
			"rotation": [90, 45, 0],
			"translation": [-1, 0, 0]
		},
		"fixed": {
			"rotation": [90, 45, 0],
			"translation": [-0.75, 0, 8]
		}
	}
}