{
	"credit": "Made with Blockbench",
	"textures": {
		"0": "item/blockbench/forgeron_gui_lower",
		"particle": "item/blockbench/forgeron_gui_lower"
	},
	"elements": [
		{
			"from": [-16, -16, 16],
			"to": [32, 32, 16.0625],
			"faces": {
				"north": {"uv": [11, 16, 0, 5], "rotation": 180, "texture": "#0"},
				"east": {"uv": [0, 0, 0.0625, 16], "texture": "#missing"},
				"south": {"uv": [0, 5, 11, 16], "texture": "#0"},
				"west": {"uv": [0, 0, 0.0625, 16], "texture": "#missing"},
				"up": {"uv": [0, 0, 16, 0.0625], "texture": "#missing"},
				"down": {"uv": [0, 0, 16, 0.0625], "texture": "#missing"}
			}
		}
	],
	"display": {
		"gui": {
			"translation": [72, -74, -80],
			"scale": [3.66, 3.66, 3.66]
		}
	}
}