{
	"credit": "Made with Blockbench",
	"texture_size": [64, 64],
	"textures": {
		"1": "item/blockbench/oak_log",
		"2": "item/blockbench/birch_planks",
		"particle": "item/blockbench/oak_log"
	},
	"elements": [
		{
			"from": [0, 8, 0],
			"to": [16, 9, 16],
			"faces": {
				"north": {"uv": [0, 0, 16, 16], "texture": "#1"},
				"east": {"uv": [0, 0, 16, 16], "texture": "#1"},
				"south": {"uv": [0, 0, 16, 16], "texture": "#1"},
				"west": {"uv": [0, 0, 16, 16], "texture": "#1"},
				"up": {"uv": [0, 0, 16, 16], "texture": "#1"},
				"down": {"uv": [0, 0, 16, 16], "texture": "#1"}
			}
		},
		{
			"from": [15, -5, 0],
			"to": [16, 8, 1],
			"faces": {
				"north": {"uv": [0.25, 1.25, 0.5, 4.5], "texture": "#1"},
				"east": {"uv": [0, 1.25, 0.25, 4.5], "texture": "#1"},
				"south": {"uv": [0.75, 1.25, 1, 4.5], "texture": "#1"},
				"west": {"uv": [0.5, 1.25, 0.75, 4.5], "texture": "#1"},
				"up": {"uv": [0.5, 1.25, 0.25, 1], "texture": "#1"},
				"down": {"uv": [0.75, 1, 0.5, 1.25], "texture": "#1"}
			}
		},
		{
			"from": [15, -5, 15],
			"to": [16, 8, 16],
			"faces": {
				"north": {"uv": [0, 0, 1, 1], "texture": "#1"},
				"east": {"uv": [0, 0, 1, 1], "texture": "#1"},
				"south": {"uv": [0, 0, 1, 1], "texture": "#1"},
				"west": {"uv": [0, 0, 1, 1], "texture": "#1"},
				"up": {"uv": [0, 0, 1, 1], "texture": "#1"},
				"down": {"uv": [0, 0, 1, 1], "texture": "#1"}
			}
		},
		{
			"from": [0, -5, 15],
			"to": [1, 8, 16],
			"faces": {
				"north": {"uv": [0.25, 1.25, 0.5, 4.5], "texture": "#1"},
				"east": {"uv": [0, 1.25, 0.25, 4.5], "texture": "#1"},
				"south": {"uv": [0.75, 1.25, 1, 4.5], "texture": "#1"},
				"west": {"uv": [0.5, 1.25, 0.75, 4.5], "texture": "#1"},
				"up": {"uv": [0.5, 1.25, 0.25, 1], "texture": "#1"},
				"down": {"uv": [0.75, 1, 0.5, 1.25], "texture": "#1"}
			}
		},
		{
			"from": [0, -5, 0],
			"to": [1, 8, 1],
			"faces": {
				"north": {"uv": [0.25, 1.25, 0.5, 4.5], "texture": "#1"},
				"east": {"uv": [0, 1.25, 0.25, 4.5], "texture": "#1"},
				"south": {"uv": [0.75, 1.25, 1, 4.5], "texture": "#1"},
				"west": {"uv": [0.5, 1.25, 0.75, 4.5], "texture": "#1"},
				"up": {"uv": [0.5, 1.25, 0.25, 1], "texture": "#1"},
				"down": {"uv": [0.75, 1, 0.5, 1.25], "texture": "#1"}
			}
		},
		{
			"from": [0, 9, 0],
			"to": [16, 11, 1],
			"faces": {
				"north": {"uv": [0, 0, 16, 2], "texture": "#1"},
				"east": {"uv": [0, 0, 1, 2], "texture": "#1"},
				"south": {"uv": [0, 0, 16, 2], "texture": "#1"},
				"west": {"uv": [0, 0, 1, 2], "texture": "#1"},
				"up": {"uv": [0, 0, 16, 1], "texture": "#1"},
				"down": {"uv": [0, 0, 16, 1], "texture": "#missing"}
			}
		},
		{
			"from": [0, 29, 0],
			"to": [16, 31, 1],
			"faces": {
				"north": {"uv": [0, 0, 16, 2], "texture": "#1"},
				"east": {"uv": [0, 0, 1, 2], "texture": "#1"},
				"south": {"uv": [0, 0, 16, 2], "texture": "#1"},
				"west": {"uv": [0, 0, 1, 2], "texture": "#1"},
				"up": {"uv": [0, 0, 16, 1], "texture": "#1"},
				"down": {"uv": [0, 0, 16, 1], "texture": "#1"}
			}
		},
		{
			"from": [0, 10, 0],
			"to": [2, 30, 1],
			"faces": {
				"north": {"uv": [0, 0, 2, 16], "texture": "#1"},
				"east": {"uv": [0, 0, 1, 16], "texture": "#1"},
				"south": {"uv": [0, 0, 2, 16], "texture": "#1"},
				"west": {"uv": [0, 0, 0.25, 5], "texture": "#1"},
				"up": {"uv": [0, 0, 2, 1], "texture": "#missing"},
				"down": {"uv": [0, 0, 2, 1], "texture": "#missing"}
			}
		},
		{
			"from": [5.5, 10, 0.25],
			"to": [6.5, 30, 0.75],
			"faces": {
				"north": {"uv": [0, 0, 0.25, 5], "texture": "#2"},
				"east": {"uv": [0, 0, 0.125, 5], "texture": "#2"},
				"south": {"uv": [0, 0, 0.25, 5], "texture": "#2"},
				"west": {"uv": [0, 0, 0.125, 5], "texture": "#2"},
				"up": {"uv": [0, 0, 0.25, 0.125], "texture": "#missing"},
				"down": {"uv": [0, 0, 0.25, 0.125], "texture": "#missing"}
			}
		},
		{
			"from": [7.5, 10, 0.25],
			"to": [8.5, 30, 0.75],
			"faces": {
				"north": {"uv": [0, 0, 0.25, 5], "texture": "#2"},
				"east": {"uv": [0, 0, 0.125, 5], "texture": "#2"},
				"south": {"uv": [0, 0, 0.25, 5], "texture": "#2"},
				"west": {"uv": [0, 0, 0.125, 5], "texture": "#2"},
				"up": {"uv": [0, 0, 0.25, 0.125], "texture": "#missing"},
				"down": {"uv": [0, 0, 0.25, 0.125], "texture": "#missing"}
			}
		},
		{
			"from": [9.5, 10, 0.25],
			"to": [10.5, 30, 0.75],
			"faces": {
				"north": {"uv": [0, 0, 0.25, 5], "texture": "#2"},
				"east": {"uv": [0, 0, 0.125, 5], "texture": "#2"},
				"south": {"uv": [0, 0, 0.25, 5], "texture": "#2"},
				"west": {"uv": [0, 0, 0.125, 5], "texture": "#2"},
				"up": {"uv": [0, 0, 0.25, 0.125], "texture": "#missing"},
				"down": {"uv": [0, 0, 0.25, 0.125], "texture": "#missing"}
			}
		},
		{
			"from": [14, 10, 0],
			"to": [16, 30, 1],
			"faces": {
				"north": {"uv": [0, 0, 2, 16], "texture": "#1"},
				"east": {"uv": [0, 0, 1, 16], "texture": "#1"},
				"south": {"uv": [0, 0, 2, 16], "texture": "#1"},
				"west": {"uv": [0, 0, 1, 16], "texture": "#1"},
				"up": {"uv": [0, 0, 2, 1], "texture": "#missing"},
				"down": {"uv": [0, 0, 2, 1], "texture": "#missing"}
			}
		}
	],
	"display": {
		"thirdperson_righthand": {
			"rotation": [90, 180, 0],
			"translation": [-0.5, 3.75, 0.5],
			"scale": [0.5, 0.5, 0.5]
		},
		"thirdperson_lefthand": {
			"rotation": [90, 180, 0],
			"translation": [-0.5, 3.75, 0.5],
			"scale": [0.5, 0.5, 0.5]
		},
		"firstperson_righthand": {
			"translation": [1, -0.25, -2],
			"scale": [0.6, 0.6, 0.6]
		},
		"firstperson_lefthand": {
			"translation": [1, -0.25, -2],
			"scale": [0.6, 0.6, 0.6]
		},
		"ground": {
			"translation": [0, 2, 0],
			"scale": [0.4, 0.4, 0.4]
		},
		"head": {
			"rotation": [0, 180, 0],
			"translation": [0, -31.5, 0]
		}
	},
	"groups": [
		{
			"name": "group",
			"origin": [8, 8, 8],
			"color": 0,
			"children": [0, 1, 2, 3, 4, 5, 6, 7, 8, 9, 10, 11]
		}
	]
}